<keymap version="1" name="Default copy" parent="$default">
  <action id="$EditorTranslateAction">
    <keyboard-shortcut first-keystroke="alt comma" />
  </action>
  <action id="Back">
    <keyboard-shortcut first-keystroke="alt left" />
  </action>
  <action id="CheckinFiles">
    <keyboard-shortcut first-keystroke="ctrl numpad0" />
  </action>
  <action id="ClassNameCompletion">
    <keyboard-shortcut first-keystroke="alt slash" />
  </action>
  <action id="CloseContent">
    <keyboard-shortcut first-keystroke="ctrl w" />
  </action>
  <action id="Diff.PrevChange" />
  <action id="Editor EditorTranslateAction">
    <keyboard-shortcut first-keystroke="alt comma" />
  </action>
  <action id="EditorSelectWord" />
  <action id="Git.Merge">
    <keyboard-shortcut first-keystroke="ctrl decimal" />
  </action>
  <action id="HippieCompletion" />
  <action id="MainAction">
    <keyboard-shortcut first-keystroke="shift back_quote" />
  </action>
  <action id="PreviousTab" />
</keymap>