<application>
  <component name="TipsStore">
    <option name="globalFirstStartUp" value="false" />
    <entry projectName="$USER_HOME$/IdeaProjects/JavaTutorials" firstStartUp="false" />
    <entry projectName="$USER_HOME$/IdeaProjects/jkwindy" firstStartUp="false" />
    <entry projectName="$USER_HOME$/IdeaProjects/mac_soft" firstStartUp="false" />
    <entry projectName="$USER_HOME$/blog" firstStartUp="false" />
    <entry projectName="blog" firstStartUp="false" />
    <entry projectName="jkwindy" firstStartUp="false" />
  </component>
</application>