<application>
  <component name="ProjectManager">
    <defaultProject>
      <component name="CompilerConfiguration">
        <annotationProcessing>
          <profile default="true" name="Default" enabled="true" />
        </annotationProcessing>
        <bytecodeTargetLevel target="1.8" />
      </component>
      <component name="Encoding" native2AsciiForPropertiesFiles="true" defaultCharsetForPropertiesFiles="UTF-8" addBOMForNewFiles="with NO BOM">
        <file url="PROJECT" charset="UTF-8" />
      </component>
      <component name="JsFlowSettings">
        <service-enabled>true</service-enabled>
        <exe-path />
        <other-services-enabled>true</other-services-enabled>
        <auto-save>true</auto-save>
      </component>
      <component name="MavenImportPreferences">
        <option name="generalSettings">
          <MavenGeneralSettings>
            <option name="localRepository" value="C:\MyDrivers\xl_repo" />
            <option name="mavenHome" value="C:/MyDrivers/apache-maven-3.5.0" />
            <option name="userSettingsFile" value="D:\apache-maven-3.5.2\conf\settings.xml" />
          </MavenGeneralSettings>
        </option>
      </component>
      <component name="ProjectInspectionProfilesVisibleTreeState">
        <entry key="Project Default">
          <profile-state>
            <expanded-state>
              <State />
              <State>
                <id>Android</id>
              </State>
              <State>
                <id>Gradle</id>
              </State>
              <State>
                <id>Java</id>
              </State>
              <State>
                <id>Java language level migration aidsJava</id>
              </State>
              <State>
                <id>Kotlin</id>
              </State>
              <State>
                <id>Maven</id>
              </State>
              <State>
                <id>OSGi</id>
              </State>
              <State>
                <id>Probable bugsGradle</id>
              </State>
            </expanded-state>
            <selected-state>
              <State>
                <id>Android</id>
              </State>
            </selected-state>
          </profile-state>
        </entry>
      </component>
      <component name="ProjectViewState">
        <option name="hideEmptyMiddlePackages" value="true" />
        <option name="showExcludedFiles" value="true" />
        <option name="showLibraryContents" value="true" />
      </component>
      <component name="PropertiesComponent">
        <property name="nodejs_interpreter_path.stuck_in_default_project" value="undefined stuck path" />
        <property name="nodejs_npm_path_reset_for_default_project" value="true" />
        <property name="project.structure.last.edited" value="Problems" />
        <property name="project.structure.proportion" value="0.0" />
        <property name="project.structure.side.proportion" value="0.2" />
        <property name="settings.editor.selected.configurable" value="MavenSettings" />
      </component>
      <component name="RunDashboard">
        <option name="ruleStates">
          <list>
            <RuleState>
              <option name="name" value="ConfigurationTypeDashboardGroupingRule" />
            </RuleState>
            <RuleState>
              <option name="name" value="StatusDashboardGroupingRule" />
            </RuleState>
          </list>
        </option>
      </component>
      <component name="RunManager">
        <configuration default="true" type="Applet" factoryName="Applet">
          <option name="WIDTH" value="400" />
          <option name="HEIGHT" value="300" />
          <option name="POLICY_FILE" value="$APPLICATION_HOME_DIR$/bin/appletviewer.policy" />
          <module />
        </configuration>
        <configuration default="true" type="Application" factoryName="Application">
          <extension name="coverage" enabled="false" merge="false" sample_coverage="true" runner="idea" />
          <option name="MAIN_CLASS_NAME" />
          <option name="VM_PARAMETERS" />
          <option name="PROGRAM_PARAMETERS" />
          <option name="WORKING_DIRECTORY" value="$PROJECT_DIR$" />
          <option name="ALTERNATIVE_JRE_PATH_ENABLED" value="false" />
          <option name="ALTERNATIVE_JRE_PATH" />
          <option name="ENABLE_SWING_INSPECTOR" value="false" />
          <option name="ENV_VARIABLES" />
          <option name="PASS_PARENT_ENVS" value="true" />
          <module name="" />
          <envs />
        </configuration>
        <configuration default="true" type="JUnit" factoryName="JUnit">
          <extension name="coverage" enabled="false" merge="false" sample_coverage="true" runner="idea" />
          <module name="" />
          <option name="ALTERNATIVE_JRE_PATH_ENABLED" value="false" />
          <option name="ALTERNATIVE_JRE_PATH" />
          <option name="PACKAGE_NAME" />
          <option name="MAIN_CLASS_NAME" />
          <option name="METHOD_NAME" />
          <option name="TEST_OBJECT" value="class" />
          <option name="VM_PARAMETERS" value="-ea" />
          <option name="PARAMETERS" />
          <option name="WORKING_DIRECTORY" value="$MODULE_DIR$" />
          <option name="ENV_VARIABLES" />
          <option name="PASS_PARENT_ENVS" value="true" />
          <option name="TEST_SEARCH_SCOPE">
            <value defaultName="singleModule" />
          </option>
          <envs />
          <patterns />
        </configuration>
        <configuration default="true" type="Remote" factoryName="Remote">
          <option name="USE_SOCKET_TRANSPORT" value="true" />
          <option name="SERVER_MODE" value="false" />
          <option name="SHMEM_ADDRESS" value="javadebug" />
          <option name="HOST" value="localhost" />
          <option name="PORT" value="5005" />
        </configuration>
        <configuration default="true" type="TestNG" factoryName="TestNG">
          <extension name="coverage" enabled="false" merge="false" sample_coverage="true" runner="idea" />
          <module name="" />
          <option name="ALTERNATIVE_JRE_PATH_ENABLED" value="false" />
          <option name="ALTERNATIVE_JRE_PATH" />
          <option name="SUITE_NAME" />
          <option name="PACKAGE_NAME" />
          <option name="MAIN_CLASS_NAME" />
          <option name="METHOD_NAME" />
          <option name="GROUP_NAME" />
          <option name="TEST_OBJECT" value="CLASS" />
          <option name="VM_PARAMETERS" value="-ea" />
          <option name="PARAMETERS" />
          <option name="WORKING_DIRECTORY" value="$MODULE_DIR$" />
          <option name="OUTPUT_DIRECTORY" />
          <option name="ANNOTATION_TYPE" />
          <option name="ENV_VARIABLES" />
          <option name="PASS_PARENT_ENVS" value="true" />
          <option name="TEST_SEARCH_SCOPE">
            <value defaultName="singleModule" />
          </option>
          <option name="USE_DEFAULT_REPORTERS" value="false" />
          <option name="PROPERTIES_FILE" />
          <envs />
          <properties />
          <listeners />
        </configuration>
        <configuration default="true" type="#com.intellij.j2ee.web.tomcat.TomcatRunConfigurationFactory" factoryName="Local" APPLICATION_SERVER_NAME="Tomcat 7.0.52" ALTERNATIVE_JRE_ENABLED="false">
          <option name="COMMON_VM_ARGUMENTS" value="-Dfile.encoding=UTF-8" />
          <option name="UPDATING_POLICY" value="restart-server" />
          <deployment />
          <server-settings>
            <option name="BASE_DIRECTORY_NAME" value="_Default_(Template)_Project" />
          </server-settings>
          <predefined_log_file id="Tomcat" enabled="true" />
          <predefined_log_file id="Tomcat Catalina" enabled="true" />
          <predefined_log_file id="Tomcat Manager" enabled="false" />
          <predefined_log_file id="Tomcat Host Manager" enabled="false" />
          <predefined_log_file id="Tomcat Localhost Access" enabled="false" />
          <extension name="coverage" enabled="false" merge="false" sample_coverage="true" runner="idea" />
          <RunnerSettings RunnerId="Debug">
            <option name="DEBUG_PORT" value="52277" />
          </RunnerSettings>
          <ConfigurationWrapper VM_VAR="JAVA_OPTS" RunnerId="Cover">
            <option name="USE_ENV_VARIABLES" value="true" />
            <STARTUP>
              <option name="USE_DEFAULT" value="true" />
              <option name="SCRIPT" value="" />
              <option name="VM_PARAMETERS" value="" />
              <option name="PROGRAM_PARAMETERS" value="" />
            </STARTUP>
            <SHUTDOWN>
              <option name="USE_DEFAULT" value="true" />
              <option name="SCRIPT" value="" />
              <option name="VM_PARAMETERS" value="" />
              <option name="PROGRAM_PARAMETERS" value="" />
            </SHUTDOWN>
          </ConfigurationWrapper>
          <ConfigurationWrapper VM_VAR="JAVA_OPTS" RunnerId="Debug">
            <option name="USE_ENV_VARIABLES" value="true" />
            <STARTUP>
              <option name="USE_DEFAULT" value="true" />
              <option name="SCRIPT" value="" />
              <option name="VM_PARAMETERS" value="" />
              <option name="PROGRAM_PARAMETERS" value="" />
            </STARTUP>
            <SHUTDOWN>
              <option name="USE_DEFAULT" value="true" />
              <option name="SCRIPT" value="" />
              <option name="VM_PARAMETERS" value="" />
              <option name="PROGRAM_PARAMETERS" value="" />
            </SHUTDOWN>
          </ConfigurationWrapper>
          <ConfigurationWrapper VM_VAR="JAVA_OPTS" RunnerId="Run">
            <option name="USE_ENV_VARIABLES" value="true" />
            <STARTUP>
              <option name="USE_DEFAULT" value="true" />
              <option name="SCRIPT" value="" />
              <option name="VM_PARAMETERS" value="" />
              <option name="PROGRAM_PARAMETERS" value="" />
            </STARTUP>
            <SHUTDOWN>
              <option name="USE_DEFAULT" value="true" />
              <option name="SCRIPT" value="" />
              <option name="VM_PARAMETERS" value="" />
              <option name="PROGRAM_PARAMETERS" value="" />
            </SHUTDOWN>
          </ConfigurationWrapper>
        </configuration>
        <configuration default="true" type="#com.intellij.j2ee.web.tomcat.TomcatRunConfigurationFactory" factoryName="Remote" ALTERNATIVE_JRE_ENABLED="false">
          <option name="LOCAL" value="false" />
          <deployment />
          <server-settings>
            <data>
              <option name="targets">
                <list>
                  <WatchedTargetModelImpl>
                    <option name="name" value="CONTEXT_XML" />
                    <option name="transportStagingTarget">
                      <TransportTarget>
                        <option name="id" value="94380bbd-1707-489f-ad5a-68781d9a9860" />
                        <id>94380bbd-1707-489f-ad5a-68781d9a9860</id>
                      </TransportTarget>
                    </option>
                    <option name="watchedLocalPath" value="" />
                    <watched-path />
                    <name>CONTEXT_XML</name>
                    <transport-target>
                      <TransportTarget>
                        <option name="id" value="94380bbd-1707-489f-ad5a-68781d9a9860" />
                        <id>94380bbd-1707-489f-ad5a-68781d9a9860</id>
                      </TransportTarget>
                    </transport-target>
                  </WatchedTargetModelImpl>
                  <StagingTargetModelImpl>
                    <option name="name" value="STAGING" />
                    <option name="stagingRemotePath" value="" />
                    <option name="transportStagingTarget">
                      <TransportTarget>
                        <option name="id" value="9a84ef83-001d-4c10-8f9f-fb93d92a9a06" />
                        <id>9a84ef83-001d-4c10-8f9f-fb93d92a9a06</id>
                      </TransportTarget>
                    </option>
                    <staging-path />
                    <name>STAGING</name>
                    <transport-target>
                      <TransportTarget>
                        <option name="id" value="9a84ef83-001d-4c10-8f9f-fb93d92a9a06" />
                        <id>9a84ef83-001d-4c10-8f9f-fb93d92a9a06</id>
                      </TransportTarget>
                    </transport-target>
                  </StagingTargetModelImpl>
                </list>
              </option>
              <option name="transportHostId" value="" />
              <host-id />
            </data>
          </server-settings>
          <predefined_log_file id="Tomcat" enabled="true" />
          <predefined_log_file id="TOMCAT_LOCALHOST_LOG_ID" enabled="true" />
          <RunnerSettings RunnerId="Debug">
            <option name="DEBUG_PORT" value="52387" />
            <option name="LOCAL" value="false" />
          </RunnerSettings>
        </configuration>
        <configuration default="true" type="#org.jetbrains.idea.devkit.run.PluginConfigurationType" factoryName="Plugin">
          <module name="" />
          <option name="VM_PARAMETERS" value="-Xmx512m -Xms256m -XX:MaxPermSize=250m -ea" />
          <option name="PROGRAM_PARAMETERS" />
          <predefined_log_file id="idea.log" enabled="true" />
        </configuration>
      </component>
      <component name="SshConsoleOptionsProvider">
        <option name="myEncoding" value="UTF-8" />
        <option name="myConnectionType" value="NONE" />
      </component>
      <component name="SvnConfiguration" myUseAcceleration="nothing">
        <configuration>C:\Users\yui\AppData\Roaming\Subversion</configuration>
      </component>
      <component name="masterDetails">
        <states>
          <state key="GlobalLibrariesConfigurable.UI">
            <settings>
              <splitter-proportions>
                <option name="proportions">
                  <list>
                    <option value="0.2" />
                  </list>
                </option>
              </splitter-proportions>
            </settings>
          </state>
          <state key="JdkListConfigurable.UI">
            <settings>
              <splitter-proportions>
                <option name="proportions">
                  <list>
                    <option value="0.2" />
                  </list>
                </option>
              </splitter-proportions>
            </settings>
          </state>
          <state key="ProjectJDKs.UI">
            <settings>
              <last-edited>1.8</last-edited>
              <splitter-proportions>
                <option name="proportions">
                  <list>
                    <option value="0.2" />
                  </list>
                </option>
              </splitter-proportions>
            </settings>
          </state>
          <state key="ProjectLibrariesConfigurable.UI">
            <settings>
              <splitter-proportions>
                <option name="proportions">
                  <list>
                    <option value="0.2" />
                  </list>
                </option>
              </splitter-proportions>
            </settings>
          </state>
          <state key="ScopeChooserConfigurable.UI">
            <settings>
              <splitter-proportions>
                <option name="proportions">
                  <list>
                    <option value="0.2" />
                  </list>
                </option>
              </splitter-proportions>
            </settings>
          </state>
        </states>
      </component>
    </defaultProject>
  </component>
</application>