{
  "package": "hasee-tongfang-macos",
  "build": "20190913",
  "author": "Yume Maruyama",
  "mail": "kirainmoe@gmail.com",
  "timestamp": 1568359755,
  "repository": "https:\/\/github.com\/kirainmoe\/hasee-tongfang-macos",
  "model": "KP7\/5(G)Z",
  "branch": "master",
  "supported_macos_version": [
    "10.14.2",
    "10.14.3",
    "10.14.4",
    "10.14.5",
    "10.14.6",
    "10.15"
  ],
  "hash": {
    "ACPI": {
      "source": {
        "SSDT-BATT.dsl": "ab1bad23829982e5fe20c9c9af7002b2",
        "SSDT-USTP.dsl": "cffa73066f17a7601be5d45596298dfb",
        "SSDT-XOSI.dsl": "0e80d86cedd699162ca72eb2d64db714",
        "SSDT-FN.dsl": "74b79d993acfe3e25429708e6926e54c",
        "SSDT-GPRW.dsl": "06074de66cc3b809968892e9751f310e",
        "SSDT-UIAC.dsl": "aff15dbcb56fb82e9062f63e3911f007",
        "SSDT-ALS0.dsl": "8e5ca00166f028e9ac37a812dd294d91",
        "SSDT-PNLFCFL.dsl": "7c91bb40ac0b8d9f09055ccdf6a9d50b",
        "SSDT-DDGPU.dsl": "394fb77d72533aa4b3713fa8da08e1b3",
        "SSDT-TPAD.dsl": "7a2618b93821ff3902e862de58f8118a"
      },
      "patched": {
        "SSDT-ALS0.aml": "8615f5e7a42a4ab3b345d288a0686ebe",
        "SSDT-UIAC.aml": "fbc812951f0928f8e8759c36bd42cae7",
        "SSDT-GPRW.aml": "4d68d941799431476a2c4c3f91ac262f",
        "SSDT-XOSI.aml": "6deb62d7de51ea03f88e3c0faf100339",
        "SSDT-FN.aml": "a7233d40ef577307f4ebadc80cf7360b",
        "SSDT-USTP.aml": "ce75fa29a551d6619dfb6d95ac2f1f67",
        "SSDT-BATT.aml": "af4e41a641cbbd88e5e55be0c743fdba",
        "SSDT-PNLFCFL.aml": "524b50ef64dc660a75bd5ae68c8c8283",
        "SSDT-DDGPU.aml": "4c67fb04f2cc0b9ce3a9eb9447ee18e8",
        "SSDT-ECUSBX.aml": "b66655798bfb1d136ac69a79a79de811"
      }
    },
    "tools": {
      "Shell64.efi": "d327f564b264976ca4d7765d8638320e",
      "bdmesg.efi": "01a134d5e5ee871da09a940bdd4b96f8",
      "Shell64U.efi": "14a40f59557ed0db827bb100a667423f",
      "Shell.inf": "6e47bee7d43c81355b4848f043f3aa0b",
      "Shell32.efi": "7fa0023638de5dcb2dbf5d2fb684073a"
    },
    "drivers": {
      "UEFI": {
        "HFSPlus.efi": "00b16648378521e1d63f606c6846cf1d",
        "DataHubDxe-64.efi": "2dab7e0238a04b7a9a63a1f54cc49b2f",
        "VirtualSmc.efi": "eb2f5feb616250beb413d83dc08140ad",
        "FSInject-64.efi": "e2e78a084c0a19936350d30dd0fc08ad",
        "ApfsDriverLoader-64.efi": "77525964bda7a7e8d3d32fd68dedd0f1",
        "AppleImageLoader-64.efi": "bb7eab70839afd6469f5656db7127c20",
        "EmuVariableUefi-64.efi": "d9f68b3ec616cc3ed5cd3ce25d3eff83",
        "AptioMemoryFix-64.efi": "d3f8b8621e7d32a641ef32ad1baeae32"
      },
      "Alternative UEFI Driver": {
        "OsxAptioFix3Drv-64.efi": "c551dcee0600882be087f2624d5727a9",
        "OsxAptioFix2Drv-free2000.efi": "5b7cd5803d43fe3a246b7f083201ecb9",
        "OsxAptioFix2Drv-64.efi": "d88c1a6b5e4f0374d922d488fe93dc38",
        "OsxAptioFixDrv-64.efi": "d47c094c578418e0c52ad182c9c72f73"
      }
    },
    "kexts": {
      "Alternative Kexts": {
        "BrcmFirmwareData.kext": {
          "Contents": {
            "MacOS": {
              "BrcmFirmwareData": "8482d5468315dedc312c383e96ce6c32"
            },
            "Info.plist": "1ff1746ad0e46158251ce656a5c33fab"
          }
        },
        "AirportBrcmFixup.kext": {
          "Contents": {
            "_CodeSignature": {
              "CodeResources": "c48c1d9c6cf982c32580a9c58b0cce51"
            },
            "MacOS": {
              "AirportBrcmFixup": "78593ce3deebb1a4044325207079db35"
            },
            "Info.plist": "cd4564d7f1c672dfb7067c32ff68aba5"
          }
        },
        "CPUFriendDataProvider.kext": {
          "Contents": {
            "Info.plist": "6ad949a9a07574f6c830451613618eed"
          }
        },
        "CPUFriend.kext": {
          "Contents": {
            "MacOS": {
              "CPUFriend": "98feacc69c9c2fb90e6fb2d68441e6d2"
            },
            "Info.plist": "9b8dfca09ab602dc0f54f07c0ac138b3"
          }
        },
        "BrcmPatchRAM.kext": {
          "Contents": {
            "MacOS": {
              "BrcmPatchRAM": "024498e2fbe4109b4842b72f6f53fbc1"
            },
            "Info.plist": "626ff3bfd6bd012eeb38a9f2a2259085"
          }
        },
        "BrcmFirmwareRepo.kext": {
          "Contents": {
            "MacOS": {
              "BrcmFirmwareRepo": "c843547fc1e71df60cdfc3971da3df04"
            },
            "Resources": {
              "BCM20702A1_001.002.014.1502.1769_v5865.zhx": "a0b8ea0d86105d09a87ccf1b57629919",
              "BCM20702A1_001.002.014.1502.1770_v5866.zhx": "5780ea673ba26d7ab587241c64247c56",
              "BCM20702A1_001.002.014.1443.1462_v5558.zhx": "0d39b0cc839e95fb8a00a7b62d921665",
              "BCM4335C0_003.001.009.0066.0115_v4211.zhx": "ad6e726bb3db303c76cd73270b44d750",
              "BCM20702A1_001.002.014.1502.1761_v5857.zhx": "ea589285942b87c4f1c2907f370a1a10",
              "BCM20702A1_001.002.014.1502.1759_v5855.zhx": "2a9101965e73efc4698cd7526b730270",
              "BCM20702A1_001.002.014.1443.1481_v5577.zhx": "f41d640476d5da50797b68108796d4de",
              "BCM20702A1_001.002.014.1443.1490_v5586.zhx": "bb12e1da085afcd376e260435771c8cb",
              "BCM20702A1_001.002.014.1443.1489_v5585.zhx": "7d26a673180c016aa7b95e96efd44136",
              "BCM20702A1_001.002.014.1443.1461_v5557.zhx": "69cc5046839d84ce3a7b4f0235d89a16",
              "BCM43142A0_001.001.011.0311.0312_v4408.zhx": "b39fd873a6a0c506ea0203bcd97fe6b0",
              "BCM20702A1_001.002.014.1502.1764_v5860.zhx": "4f9be51769f671b841d11250e9ce7443",
              "BCM4371C2_001.003.015.0093.0116_v4212.zhx": "f22802dc55c8147a5597107f33937fa5",
              "BCM43142A0_001.001.011.0311.0327_v4423.zhx": "64537eee79abbb0db783eac17ee8c3f0",
              "BCM20702A1_001.002.014.1443.1493_v5589.zhx": "20d491832bb68a7da89af115c9b09a2f",
              "BCM20702A1_001.002.014.1443.1469_v5565.zhx": "78a96c273e843942bf21c28bd8d290c7",
              "BCM20702A1_001.002.014.1443.1482_v5578.zhx": "bba71377d1c6c18c07472f9977df2436",
              "BCM20702A1_001.002.014.1502.1762_v5858.zhx": "bd839ce30fa38d5fa668b5ecacdae0cb",
              "BCM20702A1_001.002.014.1443.1484_v5580.zhx": "94736eab1015d97849cc5d62f4ae129e",
              "BCM43142A0_001.001.011.0311.0335_v4431.zhx": "1071fbe96848332473ea1f913861c776",
              "BCM20702A1_001.002.014.1502.1768_v5864.zhx": "8ceb881fd69a536336dc3fb4d7b3de36",
              "BCM20702A1_001.002.014.1443.1447_v5543.zhx": "f7b64b5b6dfb56975308c471d7911c59",
              "BCM20702A1_001.002.014.1443.1463_v5559.zhx": "80742ca89fbda06fbdd72efc2de4c141",
              "BCM20702A1_001.002.014.1443.1501_v5597.zhx": "4213b8134d7fbc5e6020d0e6961fff81",
              "BCM20702A1_001.002.014.1443.1465_v5561.zhx": "d9550281cca9c366d95b1b4a5606b2dd",
              "BCM4350C5_003.006.007.0145.2724_v6820.zhx": "b51927c25c853749592c7b6dd21202b6",
              "BCM20702A1_001.002.014.1443.1488_v5584.zhx": "bba2dcdb5ca7367770fcb2c66967bd5c",
              "BCM43142A0_001.001.011.0311.0339_v4435.zhx": "df462a179c1076b62bdc15b776a5eb6e",
              "BCM20702A1_001.002.014.1502.1760_v5856.zhx": "abc8d0d0a4a50b44271c87b2a6bd92ef",
              "BCM20702A1_001.002.014.1502.1758_v5854.zhx": "682261f2025154e98b57f5a4263a6624",
              "BCM20702A1_001.002.014.1443.1480_v5576.zhx": "0938b87f3e07857f34e8ac8e78d8e65f",
              "BCM20702A1_001.002.014.1443.1477_v5573.zhx": "6c3a3f44bf7b3398ca092a70c3363375",
              "BCM20702A1_001.002.014.1502.1765_v5861.zhx": "5aea79ae68c212755dde6e0cccd1dd30",
              "BCM43142A0_001.001.011.0311.0316_v4412.zhx": "7912dbcff1076e15f22acb1654eae768",
              "BCM20702A1_001.002.014.1443.1460_v5556.zhx": "32b71e571c53b48a6aefcae19d3cc238",
              "BCM20702A1_001.002.014.1502.1780_v5876.zhx": "b87aef9bb2c4b05c9e095d2a602d6733",
              "BCM20702A1_001.002.014.1443.1483_v5579.zhx": "413188edb22e8390f70cf0f03e76775f",
              "BCM20702A1_001.002.014.1443.1468_v5564.zhx": "19e9deca0fd76dc9bf788bf57faf0a50",
              "BCM20702A1_001.002.014.1443.1485_v5581.zhx": "2ed16e46a06c17330b6b9d11111b254c",
              "BCM43142A0_001.001.011.0311.0334_v4430.zhx": "51f086dcbab630f878e64b6690eed45d",
              "BCM20702A1_001.002.014.1502.1763_v5859.zhx": "db66067c47eb9dbcc09b11facc0ef640",
              "BCM4371C2_001.003.015.0093.0117_v4213.zhx": "e5cb0dea853b8f31e0e1c41cf6e2c4e5",
              "BCM20702A1_001.002.014.1443.1502_v5598.zhx": "5877f83850013253247d4e9a487247c5",
              "BCM20702A1_001.002.014.1443.1492_v5588.zhx": "1060ba0411e3c908dd91e444de8ce4a4",
              "BCM4335C0_003.001.009.0066.0121_v4217.zhx": "ca4c400759c5d0fe91e8d79c0eb601cf",
              "BCM4350C5_003.006.007.0095.1703_v5799.zhx": "c8085ae1e74c5494884c668ce46d67a1",
              "BCM43142A0_001.001.011.0311.0331_v4427.zhx": "98f371c9fe188d1c620100515ffc7e92",
              "BCM43142A0_001.001.011.0311.0328_v4424.zhx": "e52e7eebfb5144b66f68380e28006c09",
              "BCM20702A1_001.002.014.1443.1499_v5595.zhx": "bcd4e986e67deb9e3335c820bce3d07d",
              "BCM4350C5_003.006.007.0120.2118_v6214.zhx": "638d9a96b466fd96a77dbdc8e7cb42e2",
              "BCM43142A0_001.001.011.0311.0340_v4436.zhx": "03a4566c3248f6b828508dc8a4d4c592",
              "BCM4335C0_003.001.009.0066.0105_v4201.zhx": "4edc2b81d6477c37559ff769f9d9e736",
              "BCM20702A1_001.002.014.1443.1466_v5562.zhx": "6450d663511da576358d51beabea827b",
              "BCM20702A1_001.002.014.1483.1651_v5747.zhx": "c25320dd024f36f65cd1a78729f0db9d",
              "BCM20702A1_001.002.014.1443.1479_v5575.zhx": "bbcc2fb2eb304518937180da772ca0ad",
              "BCM20702A1_001.002.014.1443.1494_v5590.zhx": "9d60713ebac4171a2605d530c16e88f9",
              "BCM20702A1_001.002.014.1443.1532_v5628.zhx": "867bee9b11d5ab559c3de440d9af8e59",
              "BCM20702A1_001.002.014.1443.1486_v5582.zhx": "a91537aeedd8ec3df8098fe985a46e6c",
              "BCM4335C0_003.001.009.0066.0108_v4204.zhx": "821ff3cb3d653b94037f9483019172f4",
              "BCM20702A1_001.002.014.1443.1572_v5668.zhx": "f71343f144445bb026bd7d2a9197cfe3",
              "BCM20703A1_001.001.005.0214.0473_v4569.zhx": "ca81606acff0a44ba0e07c7377048e2f",
              "BCM20703A1_001.001.005.0214.0481_v4577.zhx": "63d6cf6f03eddd766b939ad0c1a6fe54",
              "BCM43142A0_001.001.011.0311.0332_v4428.zhx": "d5aa9ad2bb9cebf1dd6d4bd39f2a759e",
              "BCM20703A1_001.001.005.0214.0414_v4510.zhx": "258ae32694723cd57029e03573657917",
              "BCM20703A1_001.001.005.0214.0422_v4518.zhx": "4514a03a49e014ff800feb8a5cf067e8",
              "BCM20702A1_001.002.014.1443.1450_v5546.zhx": "d43ec373adae130c9a4857d5770722f0",
              "BCM43142A0_001.001.011.0311.0347_v4443.zhx": "00fa18ac844dc62e0bc16f4efa18c34c",
              "BCM20702A1_001.002.014.1443.1449_v5545.zhx": "6aac2341bb9c78e4ba01cf832bbb8e74",
              "BCM20702A1_001.002.014.1502.1766_v5862.zhx": "d2369f9c04835e8ff04da39f7a3b3ca4",
              "BCM4335C0_003.001.009.0066.0104_v4200.zhx": "02eebb7d4984b1bb6a38376a8e079284",
              "BCM43142A0_001.001.011.0311.0341_v4437.zhx": "7d5b92bda3e3c9b6f23dafbe05e7362c",
              "BCM20702A1_001.002.014.1443.1467_v5563.zhx": "886a85b9f8a881537946702291cacd2e",
              "BCM43142A0_001.001.011.0311.0330_v4426.zhx": "6f61eb8dbfc25700f0ae393e448a3354",
              "BCM43142A0_001.001.011.0311.0329_v4425.zhx": "e1f7f177ab0001832f2b8a3ae646d701",
              "BCM4371C2_001.003.015.0093.0118_v4214.zhx": "e9e5c65e247c125945c8fcdc8d61b7b2",
              "BCM20702A1_001.002.014.1443.1521_v5617.zhx": "0279637b879c7ad25818bd74ede79a40",
              "BCM20702A1_001.002.014.1443.1714_v5810.zhx": "d8982df7d420954cb158bc53da63bf9d",
              "BCM20702A1_001.002.014.1443.1487_v5583.zhx": "d939121328a5cfb85afb33e4b8300910",
              "BCM43142A0_001.001.011.0311.0336_v4432.zhx": "6650fbc2b7d2fec8d27987100b12e08b",
              "BCM43142A0_001.001.011.0311.0333_v4429.zhx": "e005e650484fce6f9ba6c7e9beda4c3e",
              "BCM20702A1_001.002.014.1443.1478_v5574.zhx": "2e54bc51985018ebbda255ad91b8b449",
              "BCM20702A1_001.002.014.1502.1757_v5853.zhx": "5c15b5a4f97f64f4d231564152f91f41",
              "BCM43142A0_001.001.011.0311.0346_v4442.zhx": "b6586666cf42a1412b8b919595fc6a36",
              "BCM20702A1_001.002.014.1502.1767_v5863.zhx": "9beb9a9ba96463389232370125cd3449"
            },
            "Info.plist": "56a9d81cc4a56880dd92cb9f15e93afa"
          }
        },
        "HoRNDIS.kext": {
          "Contents": {
            "_CodeSignature": {
              "CodeResources": "8d9f010a56c2f0a97d1b6deb08647a90"
            },
            "MacOS": {
              "HoRNDIS": "b686b84636be0bab49e9ceaae44a1201"
            },
            "Resources": {
              "en.lproj": {
                "InfoPlist.strings": "51ef59b60e5b41b91519cc662a9fe886"
              }
            },
            "Info.plist": "4b9aed94f54483944bab1e3a92d4d474"
          }
        },
        "BrcmPatchRAM2.kext": {
          "Contents": {
            "MacOS": {
              "BrcmPatchRAM2": "e61d2533478a2e328f3b238704d6b270"
            },
            "Info.plist": "99578546844f753f9ea2402a6c52585a"
          }
        }
      },
      "Other": {
        "Lilu.kext": {
          "Contents": {
            "MacOS": {
              "Lilu": "69f17837d5c5271e9aec064be1ae2ab5"
            },
            "Info.plist": "e83369e71da7193303492b15a0c0bcad"
          }
        },
        "NoTouchID.kext": {
          "Contents": {
            "MacOS": {
              "NoTouchID": "6b08331eeaeef0739ff68e7a3fa10e54"
            },
            "Info.plist": "59b3512909195f9ca84f8780c79d1d01"
          }
        },
        "AppleALC.kext": {
          "Contents": {
            "MacOS": {
              "AppleALC": "f1a4f3c511c0d31cd336b82c1eaf8799"
            },
            "Info.plist": "55660557b6646f1e75e873df19972faf"
          }
        },
        "CodecCommander.kext": {
          "Contents": {
            "MacOS": {
              "CodecCommander": "32f54b2fc466fe542e54d7ec7e22b35c"
            },
            "Resources": {
              "SSDT-ALC256-insanelydeepak.dsl": "d4b2a935e2786451e7cab602485a204d",
              "SSDT-ALC1220.dsl": "03539444d414e58932e19dd9e914d01b",
              "SSDT-CX20752.dsl": "3b8de2a9e4f247d6515a435896504b8c",
              "SSDT-ALC256-vbourachot.dsl": "1092a0d35756b915270a1779fa3f9fdd",
              "SSDT-AppleALC.dsl": "6feeb7fb5232f159ab0ab01e20fcab26"
            },
            "Info.plist": "136e2f55e4695f47c9421afd360957b1"
          }
        },
        "FakePCIID_Intel_HDMI_Audio.kext": {
          "Contents": {
            "Info.plist": "51677e47f38132cfe86da7f309b9486f"
          }
        },
        "WhateverGreen.kext": {
          "Contents": {
            "MacOS": {
              "WhateverGreen": "32661ffd82a33d9439b2129b41c57fef"
            },
            "Info.plist": "f34341a59bdc8a3f914036c9e94991dc"
          }
        },
        "SMCBatteryManager.kext": {
          "Contents": {
            "MacOS": {
              "SMCBatteryManager": "2ed2c72d201f9ad43cf39f3a94a57064"
            },
            "Info.plist": "8521c405b8a3d9c92f17f1122a8ebcc6"
          }
        },
        "CPUFriendDataProvider.kext": {
          "Contents": {
            "Info.plist": "670d9d7caf0cfe130ff82e154b3fdfaa"
          }
        },
        "RealtekRTL8111.kext": {
          "Contents": {
            "MacOS": {
              "RealtekRTL8111": "6c8ef4d415d23cf347ad1e2fdb11eab0"
            },
            "Resources": {
              "en.lproj": {
                "InfoPlist.strings": "51ef59b60e5b41b91519cc662a9fe886"
              }
            },
            "Info.plist": "529bf90b5e27f41023c1fd95b5c1e8b8"
          }
        },
        "SMCProcessor.kext": {
          "Contents": {
            "MacOS": {
              "SMCProcessor": "bfe4cab8ef947c75059c9c1350fff360"
            },
            "Info.plist": "93272f02a8783d985aa8454d7cc7193d"
          }
        },
        "USBInjectAll.kext": {
          "Contents": {
            "MacOS": {
              "USBInjectAll": "aee653f4f9e6253da87407847e48bd79"
            },
            "Info.plist": "b38cecaef70a04d7d969173f3a4bf7ac"
          }
        },
        "CPUFriend.kext": {
          "Contents": {
            "MacOS": {
              "CPUFriend": "cc3c950a2ed83b60df80fc9b5e435065"
            },
            "Info.plist": "24274c9053c99d78ea1319710b180920"
          }
        },
        "VoodooI2CHID.kext": {
          "Contents": {
            "_CodeSignature": {
              "CodeResources": "c48c1d9c6cf982c32580a9c58b0cce51"
            },
            "MacOS": {
              "VoodooI2CHID": "985d8463c65b8235351f5736eb27886f"
            },
            "Info.plist": "d88c797e37eef05ad94379dc7b7da085"
          }
        },
        "VirtualSMC.kext": {
          "Contents": {
            "MacOS": {
              "VirtualSMC": "28e51d9fb598e0d7a61dd73e14ec9442"
            },
            "Info.plist": "2c7f501febbaceeaa0045044126a8bb5"
          }
        },
        "FakePCIID.kext": {
          "Contents": {
            "MacOS": {
              "FakePCIID": "87003a57e3c6a0985fcdd5b89098464e"
            },
            "Info.plist": "02eab7ce5415e8754b13046c44384361"
          }
        },
        "VoodooPS2Controller.kext": {
          "Contents": {
            "MacOS": {
              "VoodooPS2Controller": "d29dc61bffcd5d89682cc3b40ea25668"
            },
            "PlugIns": {
              "VoodooPS2Keyboard.kext": {
                "Contents": {
                  "MacOS": {
                    "VoodooPS2Keyboard": "f688d5aa2aede6acdff3b4dd4fbeebac"
                  },
                  "Info.plist": "cb2c16a2839a05b1b1bd2b48e881751c"
                }
              }
            },
            "Info.plist": "2d760abecbb7bb80d8db97d3f58e885b"
          }
        },
        "SMCLightSensor.kext": {
          "Contents": {
            "MacOS": {
              "SMCLightSensor": "b61ee6fd5dd65da28bba458cda1a2c59"
            },
            "Info.plist": "8aa4ec05d416baac6c5fba48ecb8e1eb"
          }
        },
        "AppleBacklightInjector.kext": {
          "Contents": {
            "Info.plist": "1bbb75ea774a32889d29996c0c1d165e"
          }
        },
        "VoodooI2C.kext": {
          "Contents": {
            "_CodeSignature": {
              "CodeResources": "e1fb84fa3f4beb74dca1d14f7c891d03"
            },
            "MacOS": {
              "VoodooI2C": "f6a35b547a1ef3e24d79a36493c07f76"
            },
            "PlugIns": {
              "VoodooGPIO.kext": {
                "Contents": {
                  "_CodeSignature": {
                    "CodeResources": "c48c1d9c6cf982c32580a9c58b0cce51"
                  },
                  "MacOS": {
                    "VoodooGPIO": "136ab614f302b83211f53659bc0f315e"
                  },
                  "Info.plist": "657f311141ab4160f7ced4084c9da9b7"
                }
              },
              "VoodooI2CServices.kext": {
                "Contents": {
                  "_CodeSignature": {
                    "CodeResources": "c48c1d9c6cf982c32580a9c58b0cce51"
                  },
                  "MacOS": {
                    "VoodooI2CServices": "b14d8f2e26ac686d26eee8f31df39eed"
                  },
                  "Info.plist": "5a5f39eff0b286b0fde4ae881098d1c0"
                }
              }
            },
            "Info.plist": "09ff3f8fb12eab2baf908d6854cab1a3"
          }
        }
      }
    },
    "Addons": {
      "dsdt-patch.txt": "c38412e686643ccf4de055ef43ac428b",
      "optimize.sh": "33b825b83121a397f375c4963cadb98e"
    },
    "config.plist": "4d3bc9dd1cdfd61d31d3aee0cfaed6c0",
    "CLOVERX64.efi": "d655eafd104981bb740b6cc511522b6b"
  }
}